{"cameraMode":{"drawMode":0,"name":"Shaded","section":"Shading Mode"},"sceneLighting":true,"audioPlay":false,"sceneViewState":{"showFog":true,"showMaterialUpdate":false,"showSkybox":true,"showFlares":true,"showImageEffects":true,"showParticleSystems":true,"showVisualEffectGraphs":true,"m_FxEnabled":true},"in2DMode":false,"pivot":{"x":-7.250829696655273,"y":0.1735762357711792,"z":-19.793067932128908},"rotation":{"x":-0.17928169667720796,"y":0.024196254089474679,"z":-0.004411351401358843,"w":-0.9835009574890137},"size":47.99475860595703,"orthographic":false}