{"cameraMode":{"drawMode":0,"name":"Shaded","section":"Shading Mode"},"sceneLighting":true,"audioPlay":false,"sceneViewState":{"showFog":true,"showMaterialUpdate":false,"showSkybox":true,"showFlares":true,"showImageEffects":true,"showParticleSystems":true},"in2DMode":false,"pivot":{"x":-4.003423690795898,"y":-9.771230697631836,"z":0.6376266479492188},"rotation":{"x":-0.43614819645881655,"y":0.08133550733327866,"z":-0.03962289169430733,"w":-0.8953177332878113},"size":13.580329895019532,"orthographic":false}